x1,y1,x2,y2,label,label_index,filename,color
0.4375,0.35555555555555557,0.528125,0.43333333333333335,danger_sign,0,cam_0000_frame_0001.png,0x00ffff
0.45,0.35555555555555557,0.58125,0.6111111111111112,danger_sign,0,cam_0000_frame_0009.png,0x00ffff
0.45,0.35,0.575,0.6055555555555555,danger_sign,0,cam_0000_frame_0007.png,0x00ffff
0.46875,0.35,0.5375,0.6111111111111112,danger_sign,0,cam_0000_frame_0006.png,0x00ffff
0.46875,0.35,0.55,0.6166666666666667,danger_sign,0,cam_0000_frame_0010.png,0x00ffff
0.440625,0.35,0.546875,0.6111111111111112,danger_sign,0,cam_0000_frame_0004.png,0x00ffff
0.41875,0.35555555555555557,0.55625,0.6,danger_sign,0,cam_0000_frame_0003.png,0x00ffff
0.415625,0.35555555555555557,0.55625,0.6111111111111112,danger_sign,0,cam_0000_frame_0002.png,0x00ffff
0.446875,0.35555555555555557,0.5875,0.6,danger_sign,0,cam_0000_frame_0008.png,0x00ffff
